tier	cn	eng	slug	source
985	上海交通大学	Shanghai Jiao Tong University	sjtu	soulteary(vec).pdf
985	东北大学	Northeastern University	northeastern	wiki.png
985	东南大学	Southeast University	southeast	shanghairanking.png
985	中南大学	Central South University	centralsouth	shanghairanking.png
985	中国人民大学	Renmin University of China	ruc	soulteary(vec).pdf
985	中国农业大学	China Agricultural University	chinaagricultural	shanghairanking.png
985	中国海洋大学	Ocean University of China	oceanchina	shanghairanking.png
985	中国科学技术大学	University of Science and Technology of China	ustc	soulteary(vec).pdf
985	中山大学	Sun Yat-Sen University	sysu	soulteary(vec).pdf
985	兰州大学	Lanzhou University	lanzhou	shanghairanking.png
985	北京大学	Peking University	pku	soulteary(vec).pdf
985	北京师范大学	Beijing Normal University	beijingnormal	shanghairanking.png
985	北京理工大学	Beijing Institute of Technology	beijinginstitute	shanghairanking.png
985	北京航空航天大学	Beihang University	buaa	soulteary(vec).pdf
985	华东师范大学	East China Normal University	ecnu	soulteary(vec).pdf
985	华中科技大学	Huazhong University of Science and Technology	hust	soulteary(vec).pdf
985	华南理工大学	South China University of Technology	southchina	wiki.png
985	南京大学	Nanjing University	nju	soulteary(vec).pdf
985	南开大学	Nankai University	nankai	shanghairanking.png
985	厦门大学	Xiamen University	xmu	soulteary(vec).pdf
985	吉林大学	Jilin University	jilin	wiki.png
985	同济大学	Tongji University	tongji	soulteary(vec).pdf
985	哈尔滨工业大学	Harbin Institute of Technology	hit	soulteary(vec).pdf
985	四川大学	Sichuan University	sichuan	shanghairanking.png
985	复旦大学	Fudan University	fdu	soulteary(vec).pdf
985	大连理工大学	Dalian University of Technology	dalian	shanghairanking.png
985	天津大学	Tianjin University	tianjin	shanghairanking.png
985	山东大学	Shandong University	sdu	soulteary(vec).pdf
985	武汉大学	Wuhan University	whu	soulteary(vec).pdf
985	浙江大学	Zhejiang University	zju	soulteary(vec).pdf
985	清华大学	Tsinghua University	thu	soulteary(vec).pdf
985	湖南大学	Hunan University	hnu	soulteary(vec).pdf
985	电子科技大学	University of Electronic Science and Technology of China	uestc	soulteary(vec).pdf
985	西北农林科技大学	Northwest A&amp;F University	northwestaampf	wiki.png
985	西北工业大学	Northwestern Polytechnical University	nwpu	soulteary(vec).pdf
985	西安交通大学	Xi'an Jiaotong University	xjtu	soulteary(vec).pdf
985	重庆大学	Chongqing University	chongqing	shanghairanking.png
211	上海大学	Shanghai University	shanghai	shanghairanking.png
211	东北农业大学	Northeast Agricultural University - China	northeastagriculturalchina	shanghairanking.png
211	东北师范大学	Northeast Normal University	northeastnormal	shanghairanking.png
211	东北林业大学	Northeast Forestry University - China	northeastforestrychina	wiki.png
211	东华大学	Donghua University	donghua	wiki.png
211	中国地质大学（北京）	China University of Geosciences (Beijing)	chinageosciencesbeijing	wiki.png
211	中国地质大学（武汉）	China University of Geosciences (Wuhan)	chinageoscienceswuhan	wiki.png
211	中国石油大学（北京）	China University of Petroleum - Beijing	chinapetroleumbeijing	wiki.png
211	中国石油大学（华东）	China University of Petroleum (Huadong)	chinapetroleumhuadong	shanghairanking.png
211	中国矿业大学	China University of Mining and Technology - Xuzhou	chinaminingxuzhou	wiki.png
211	中国矿业大学（北京）	China University of Mining and Technology - Beijing	chinaminingbeijing	copy:chinaminingxuzhou
211	云南大学	Yunnan University	yunnan	shanghairanking.png
211	内蒙古大学	Inner Mongolia University	innermongolia	wiki.png
211	北京交通大学	Beijing jiaotong University	bjtu	soulteary(vec).pdf
211	北京化工大学	Beijing University of Chemical Technology	beijingchemical	shanghairanking.png
211	北京工业大学	Beijing University of Technology	beijing	wiki.png
211	北京林业大学	Beijing Forestry University	beijingforestry	shanghairanking.png
211	北京科技大学	University of Science and Technology Beijing	beijing2	shanghairanking.png
211	北京邮电大学	Beijing University of Posts and Telecommunications	bupt	soulteary(vec).pdf
211	华东理工大学	East China University of Science and Technology	eastchina	shanghairanking.png
211	华中农业大学	Huazhong Agricultural University	huazhongagricultural	shanghairanking.png
211	华中师范大学	Central China Normal University	centralchinanormal	wiki.png
211	华北电力大学	North China Electric Power University	northchinaelectricpower	wiki.png
211	华南师范大学	South China Normal University	southchinanormal	shanghairanking.png
211	南京农业大学	Nanjing Agricultural University	nanjingagricultural	shanghairanking.png
211	南京师范大学	Nanjing Normal University	nanjingnormal	wiki.png
211	南京理工大学	Nanjing University of Science and Technology	nanjing	shanghairanking.png
211	南京航空航天大学	Nanjing University of Aeronautics and Astronautics	nanjingaeronauticsastronautics	wiki.png
211	南昌大学	Nanchang University	nanchang	shanghairanking.png
211	合肥工业大学	Hefei University of Technology	hefei	wiki.png
211	哈尔滨工程大学	Harbin Engineering University	harbinengineering	shanghairanking.png
211	四川农业大学	Sichuan Agricultural University	sichuanagricultural	wiki.png
211	大连海事大学	Dalian Maritime University	dalianmaritime	shanghairanking.png
211	太原理工大学	Taiyuan University of Technology	taiyuan	shanghairanking.png
211	宁夏大学	Ningxia University	ningxia	wiki.png
211	安徽大学	Anhui University	anhui	shanghairanking.png
211	广西大学	Guangxi University	guangxi	wiki.png
211	延边大学	Yanbian University	yanbian	shanghairanking.png
211	新疆大学	Xinjiang University	xinjiang	wiki.png
211	暨南大学	Jinan University	jinan	shanghairanking.png
211	武汉理工大学	Wuhan University of Technology	wuhan	wiki.png
211	江南大学	Jiangnan University	jiangnan	shanghairanking.png
211	河北工业大学	Hebei University of Technology	hebei	shanghairanking.png
211	河海大学	Hohai University	hohai	shanghairanking.png
211	海南大学	Hainan University	hainan	wiki.png
211	湖南师范大学	Hunan Normal University	hunannormal	wiki.png
211	石河子大学	Shihezi University	shihezi	wiki.png
211	福州大学	Fuzhou University	fuzhou	wiki.png
211	苏州大学	Soochow University (China)	su	soulteary(vec).pdf
211	西北大学	Northwest University	northwest	shanghairanking.png
211	西南交通大学	Southwest Jiaotong University	southwestjiaotong	shanghairanking.png
211	西南大学	Southwest University	southwest	wiki.png
211	西安电子科技大学	Xidian University	xdu	soulteary(vec).pdf
211	西藏大学	Tibet University	tibet	wiki.png
211	贵州大学	Guizhou University	guizhou	shanghairanking.png
211	辽宁大学	Liaoning University	liaoning	shanghairanking.png
211	郑州大学	Zhengzhou University	zhengzhou	shanghairanking.png
211	长安大学	Chang'an University	changan	wiki.png
211	陕西师范大学	Shaanxi Normal University	shaanxinormal	wiki.png
211	青海大学	Qinghai University	qinghai	wiki.png
其他	上海科技大学	ShanghaiTech University	shanghaitech	soulteary(vec).pdf
其他	上海财经大学	上海财经大学	sufe	soulteary(vec).pdf
其他	中国科学院大学	中国科学院大学	cas	soulteary(vec).pdf
其他	南方科技大学	Southern University of Science and Technology	sustech	soulteary(vec).pdf
其他	深圳大学	Shenzhen University	szu	soulteary(vec).pdf
其他	西湖大学	西湖大学	wu	soulteary(vec).pdf
其他	香港中文大学	香港中文大学	cuhk	soulteary(vec).pdf
